clientIP, clientInfo, userID, endTime, method, reqSource, protocol, statusCode, size, refererHeader, userAgentHeader
2s2s1s.s1s6s7s.s2s0s7s.s2s0
-
tsisnsysos"s"
[s1s7s/sJsusls/s2s0s1s6s:s0s8s:s0s7s:s2s1s s+s0s9s0s0s]
""""sPsRsOsPsFsIsNsD
/swsesbsdsasv
HsTsTsPs/s1s.s1s""""
3s0s1
5s5s2
""""s-s""""
""""sNsestsDsrsisvse

"
"
2s2s1s.s1s6s7s.s2s0s7s.s2s0
-
tsisnsysos"s"
[s1s7s/sJsusls/s2s0s1s6s:s0s8s:s0s7s:s2s1s s+s0s9s0s0s]
""""sPsRsOsPsFsIsNsD
/swsesbsdsasvs/
HsTsTsPs/s1s.s1s""""
2s0s7
2s5s1s1
""""s-s""""
""""sNsestsDsrsisvse

"
"
2s2s1s.s1s6s7s.s2s0s7s.s2s0
-
tsisnsysos"s"
[s1s7s/sJsusls/s2s0s1s6s:s0s8s:s0s7s:s2s1s s+s0s9s0s0s]
""""sPsRsOsPsFsIsNsD
/swsesbsdsasvs/smsesdsisa
HsTsTsPs/s1s.s1s""""
3s0s1
5s6s4
""""s-s""""
""""sNsestsDsrsisvse

"
"
2s2s1s.s1s6s7s.s2s0s7s.s2s0
-
tsisnsysos"s"
[s1s7s/sJsusls/s2s0s1s6s:s0s8s:s0s7s:s2s1s s+s0s9s0s0s]
""""sPsRsOsPsFsIsNsD
/swsesbsdsasvs/smsesdsisas/
HsTsTsPs/s1s.s1s""""
2s0s7
4s0s5s8
""""s-s""""
""""sNsestsDsrsisvse

"
"
2s2s1s.s1s6s7s.s2s0s7s.s2s0
-
tsisnsysos"s"
[s1s7s/sJsusls/s2s0s1s6s:s0s8s:s0s7s:s2s1s s+s0s9s0s0s]
""""sPsRsOsPsFsIsNsD
/swsesbsdsasvs/smsesdsisas/smsosvsise
HsTsTsPs/s1s.s1s""""
3s0s1
5s7s6
""""s-s""""
""""sNsestsDsrsisvse

"
"
2s2s1s.s1s6s7s.s2s0s7s.s2s0
-
tsisnsysos"s"
[s1s7s/sJsusls/s2s0s1s6s:s0s8s:s0s7s:s2s1s s+s0s9s0s0s]
""""sPsRsOsPsFsIsNsD
/swsesbsdsasvs/smsesdsisas/smsosvsises/
HsTsTsPs/s1s.s1s""""
2s0s7
1s8s1s7s7
""""s-s""""
""""sNsestsDsrsisvse

"
"
2s2s1s.s1s6s7s.s2s0s7s.s2s0
-
tsisnsysos"s"
[s1s7s/sJsusls/s2s0s1s6s:s0s8s:s0s7s:s2s6s s+s0s9s0s0s]
""""sPsRsOsPsFsIsNsD
/swsesbsdsasv
HsTsTsPs/s1s.s1s""""
3s0s1
5s5s2
""""s-s""""
""""sNsestsDsrsisvse

"
"
2s2s1s.s1s6s7s.s2s0s7s.s2s0
-
tsisnsysos"s"
[s1s7s/sJsusls/s2s0s1s6s:s0s8s:s0s7s:s2s6s s+s0s9s0s0s]
""""sPsRsOsPsFsIsNsD
/swsesbsdsasvs/
HsTsTsPs/s1s.s1s""""
2s0s7
2s5s1s1
""""s-s""""
""""sNsestsDsrsisvse

"
"
2s2s1s.s1s6s7s.s2s0s7s.s2s0
-
tsisnsysos"s"
[s1s7s/sJsusls/s2s0s1s6s:s0s8s:s0s8s:s2s2s s+s0s9s0s0s]
""""sPsRsOsPsFsIsNsD
/swsesbsdsasv
HsTsTsPs/s1s.s1s""""
3s0s1
5s5s2
""""s-s""""
""""sNsestsDsrsisvse

"
"
2s2s1s.s1s6s7s.s2s0s7s.s2s0
-
tsisnsysos"s"
[s1s7s/sJsusls/s2s0s1s6s:s0s8s:s0s8s:s2s2s s+s0s9s0s0s]
""""sPsRsOsPsFsIsNsD
/swsesbsdsasvs/
HsTsTsPs/s1s.s1s""""
2s0s7
2s5s1s1
""""s-s""""
""""sNsestsDsrsisvse

"
"
2s2s1s.s1s6s7s.s2s0s7s.s2s0
-
tsisnsysos"s"
[s1s7s/sJsusls/s2s0s1s6s:s0s8s:s0s8s:s2s7s s+s0s9s0s0s]
""""sPsRsOsPsFsIsNsD
/swsesbsdsasv
HsTsTsPs/s1s.s1s""""
3s0s1
5s5s2
""""s-s""""
""""sNsestsDsrsisvse

"
"
2s2s1s.s1s6s7s.s2s0s7s.s2s0
-
tsisnsysos"s"
[s1s7s/sJsusls/s2s0s1s6s:s0s8s:s0s8s:s2s7s s+s0s9s0s0s]
""""sPsRsOsPsFsIsNsD
/swsesbsdsasvs/
HsTsTsPs/s1s.s1s""""
2s0s7
2s5s1s1
""""s-s""""
""""sNsestsDsrsisvse

"
"
2s2s1s.s1s6s7s.s2s0s7s.s2s0
-
tsisnsysos"s"
[s1s7s/sJsusls/s2s0s1s6s:s0s8s:s0s8s:s3s1s s+s0s9s0s0s]
""""sPsRsOsPsFsIsNsD
/swsesbsdsasvs/smsesdsisa
HsTsTsPs/s1s.s1s""""
3s0s1
5s6s4
""""s-s""""
""""sNsestsDsrsisvse

"
"
2s2s1s.s1s6s7s.s2s0s7s.s2s0
-
tsisnsysos"s"
[s1s7s/sJsusls/s2s0s1s6s:s0s8s:s0s8s:s3s2s s+s0s9s0s0s]
""""sPsRsOsPsFsIsNsD
/swsesbsdsasvs/smsesdsisas/
HsTsTsPs/s1s.s1s""""
2s0s7
4s0s5s8
""""s-s""""
""""sNsestsDsrsisvse

"
"
2s2s1s.s1s6s7s.s2s0s7s.s2s0
-
tsisnsysos"s"
[s1s7s/sJsusls/s2s0s1s6s:s0s8s:s0s8s:s3s2s s+s0s9s0s0s]
""""sPsRsOsPsFsIsNsD
/swsesbsdsasvs/smsesdsisas/smsosvsise
HsTsTsPs/s1s.s1s""""
3s0s1
5s7s6
""""s-s""""
""""sNsestsDsrsisvse

"
"
2s2s1s.s1s6s7s.s2s0s7s.s2s0
-
tsisnsysos"s"
[s1s7s/sJsusls/s2s0s1s6s:s0s8s:s0s8s:s3s2s s+s0s9s0s0s]
""""sPsRsOsPsFsIsNsD
/swsesbsdsasvs/smsesdsisas/smsosvsises/
HsTsTsPs/s1s.s1s""""
2s0s7
1s8s1s7s7
""""s-s""""
""""sNsestsDsrsisvse

"
"
2s2s3s.s6s2s.s2s1s9s.s1s8s5
-
-
[s1s7s/sJsusls/s2s0s1s6s:s0s8s:s5s4s:s3s9s s+s0s9s0s0s]
""""sPsRsOsPsFsIsNsD
/swsesbsdsasvs/
HsTsTsPs/s1s.s1s""""
4s0s1
6s8s5
""""s-s""""
""""s-s""""

"
"
2s2s3s.s6s2s.s2s1s9s.s1s8s5
-
tsisnsysos"s"
[s1s7s/sJsusls/s2s0s1s6s:s0s8s:s5s4s:s3s9s s+s0s9s0s0s]
""""sPsRsOsPsFsIsNsD
/swsesbsdsasvs/
HsTsTsPs/s1s.s1s""""
2s0s7
1s7s9s6
""""s-s""""
""""s-s""""

"
"
2s2s3s.s6s2s.s2s1s9s.s1s8s5
-
-
[s1s7s/sJsusls/s2s0s1s6s:s0s8s:s5s4s:s5s8s s+s0s9s0s0s]
""""sPsRsOsPsFsIsNsD
/swsesbsdsasvs/smsesdsisas/
HsTsTsPs/s1s.s1s""""
4s0s1
6s8s5
""""s-s""""
""""s-s""""

"
"
2s2s3s.s6s2s.s2s1s9s.s1s8s5
-
tsisnsysos"s"
[s1s7s/sJsusls/s2s0s1s6s:s0s8s:s5s4s:s5s8s s+s0s9s0s0s]
""""sPsRsOsPsFsIsNsD
/swsesbsdsasvs/smsesdsisas/
HsTsTsPs/s1s.s1s""""
2s0s7
2s8s5s5
""""s-s""""
""""s-s""""

"
"
2s2s3s.s6s2s.s2s1s9s.s1s8s5
-
-
[s1s7s/sJsusls/s2s0s1s6s:s0s8s:s5s5s:s0s2s s+s0s9s0s0s]
""""sPsRsOsPsFsIsNsD
/swsesbsdsasvs/smsesdsisas/smsps3s/
HsTsTsPs/s1s.s1s""""
4s0s1
6s8s5
""""s-s""""
""""s-s""""

"
"
2s2s3s.s6s2s.s2s1s9s.s1s8s5
-
tsisnsysos"s"
[s1s7s/sJsusls/s2s0s1s6s:s0s8s:s5s5s:s0s2s s+s0s9s0s0s]
""""sPsRsOsPsFsIsNsD
/swsesbsdsasvs/smsesdsisas/smsps3s/
HsTsTsPs/s1s.s1s""""
2s0s7
4s3s6s4
""""s-s""""
""""s-s""""

"
"
2s2s3s.s6s2s.s2s1s9s.s1s8s5
-
-
[s1s7s/sJsusls/s2s0s1s6s:s0s8s:s5s5s:s0s3s s+s0s9s0s0s]
""""sPsRsOsPsFsIsNsD
/swsesbsdsasvs/smsesdsisas/smsps3s/s_spsosps_srsoscsks/
HsTsTsPs/s1s.s1s""""
4s0s1
6s8s5
""""s-s""""
""""s-s""""

"
"
2s2s3s.s6s2s.s2s1s9s.s1s8s5
-
tsisnsysos"s"
[s1s7s/sJsusls/s2s0s1s6s:s0s8s:s5s5s:s0s4s s+s0s9s0s0s]
""""sPsRsOsPsFsIsNsD
/swsesbsdsasvs/smsesdsisas/smsps3s/s_spsosps_srsoscsks/
HsTsTsPs/s1s.s1s""""
2s0s7
8s1s3s9s4
""""s-s""""
""""s-s""""

"
"
2s2s3s.s6s2s.s2s1s9s.s1s8s5
-
-
[s1s7s/sJsusls/s2s0s1s6s:s0s8s:s5s5s:s1s7s s+s0s9s0s0s]
""""sPsRsOsPsFsIsNsD
/swsesbsdsasvs/smsesdsisas/smsps3s/s_spsosps_srsoscsks/sAslslsmsasns%s2s0sBsrsostshsesrs"s"s_sfsislslsmsosrses_sesas"s"sts/
HsTsTsPs/s1s.s1s""""
4s0s1
6s8s5
""""s-s""""
""""s-s""""

"
"
2s2s3s.s6s2s.s2s1s9s.s1s8s5
-
tsisnsysos"s"
[s1s7s/sJsusls/s2s0s1s6s:s0s8s:s5s5s:s1s7s s+s0s9s0s0s]
""""sPsRsOsPsFsIsNsD
/swsesbsdsasvs/smsesdsisas/smsps3s/s_spsosps_srsoscsks/sAslslsmsasns%s2s0sBsrsostshsesrs"s"s_sfsislslsmsosrses_sesas"s"sts/
HsTsTsPs/s1s.s1s""""
2s0s7
6s4s6s1
""""s-s""""
""""s-s""""

"
"
2s2s3s.s6s2s.s2s1s9s.s1s8s5
-
-
[s1s7s/sJsusls/s2s0s1s6s:s0s8s:s5s5s:s2s4s s+s0s9s0s0s]
""""sPsRsOsPsFsIsNsD
/swsesbsdsasvs/smsesdsisas/smsps3s/s_spsosps_srsoscsks/sAslscsastsrsaszszs/
HsTsTsPs/s1s.s1s""""
4s0s1
6s8s5
""""s-s""""
""""s-s""""

"
"
2s2s3s.s6s2s.s2s1s9s.s1s8s5
-
tsisnsysos"s"
[s1s7s/sJsusls/s2s0s1s6s:s0s8s:s5s5s:s2s4s s+s0s9s0s0s]
""""sPsRsOsPsFsIsNsD
/swsesbsdsasvs/smsesdsisas/smsps3s/s_spsosps_srsoscsks/sAslscsastsrsaszszs/
HsTsTsPs/s1s.s1s""""
2s0s7
2s1s8s0
""""s-s""""
""""s-s""""

"
"
2s2s3s.s6s2s.s2s1s9s.s1s8s5
-
-
[s1s7s/sJsusls/s2s0s1s6s:s0s8s:s5s5s:s2s6s s+s0s9s0s0s]
""""sGsEsT
/swsesbsdsasvs/smsesdsisas/smsps3s/s_spsosps_srsoscsks/sAslscsastsrsaszszs/sAslscsastsrsaszszs-s(s0s7s)s%s2s0sPsasisnstsesds%s2s0sLsosvsesrs.smsps3
HsTsTsPs/s1s.s1s""""
4s0s1
6s8s5
""""s-s""""
""""snsPslsasysesrs/s3s.s0s""""

"
"
2s2s3s.s6s2s.s2s1s9s.s1s8s5
-
-
[s1s7s/sJsusls/s2s0s1s6s:s0s8s:s5s6s:s0s2s s+s0s9s0s0s]
""""sPsRsOsPsFsIsNsD
/swsesbsdsasvs/smsesdsisas/smsps3s/s_spsosps_srsoscsks/sCsoslslsescstsisvses_sSsosusls/
HsTsTsPs/s1s.s1s""""
4s0s1
6s8s5
""""s-s""""
""""s-s""""

"
"
2s2s3s.s6s2s.s2s1s9s.s1s8s5
-
tsisnsysos"s"
[s1s7s/sJsusls/s2s0s1s6s:s0s8s:s5s6s:s0s2s s+s0s9s0s0s]
""""sPsRsOsPsFsIsNsD
/swsesbsdsasvs/smsesdsisas/smsps3s/s_spsosps_srsoscsks/sCsoslslsescstsisvses_sSsosusls/
HsTsTsPs/s1s.s1s""""
2s0s7
6s7s2s4
""""s-s""""
""""s-s""""

"
"
2s2s3s.s6s2s.s2s1s9s.s1s8s5
-
-
[s1s7s/sJsusls/s2s0s1s6s:s0s8s:s5s6s:s0s5s s+s0s9s0s0s]
""""sPsRsOsPsFsIsNsD
/swsesbsdsasvs/smsesdsisas/smsps3s/s_spsosps_srsoscsks/sCsoslslsescstsisvses_sSsosusls/sCsoslslsescstsisvses%s2s0sSsosusls%s2s0s-s%s2s0s7sesvsesns%s2s0sYsesasrs%s2s0sIstscshs%s2s0s-s%s2s0sGsrsesastses"s"sts%s2s0sHsists"s"s/
HsTsTsPs/s1s.s1s""""
4s0s1
6s8s5
""""s-s""""
""""s-s""""

"
"
2s2s1s.s1s6s7s.s2s0s7s.s2s0
-
tsisnsysos"s"
[s1s7s/sJsusls/s2s0s1s6s:s0s8s:s0s7s:s2s1s s+s0s9s0s0s]
""""sPsRsOsPsFsIsNsD
/swsesbsdsasv
HsTsTsPs/s1s.s1s""""
3s0s1
5s5s2
""""s-s""""
""""sNsestsDsrsisvse

"
"
2s2s1s.s1s6s7s.s2s0s7s.s2s0
-
tsisnsysos"s"
[s1s7s/sJsusls/s2s0s1s6s:s0s8s:s0s7s:s2s1s s+s0s9s0s0s]
""""sPsRsOsPsFsIsNsD
/swsesbsdsasvs/
HsTsTsPs/s1s.s1s""""
2s0s7
2s5s1s1
""""s-s""""
""""sNsestsDsrsisvse

"
"
2s2s1s.s1s6s7s.s2s0s7s.s2s0
-
tsisnsysos"s"
[s1s7s/sJsusls/s2s0s1s6s:s0s8s:s0s7s:s2s1s s+s0s9s0s0s]
""""sPsRsOsPsFsIsNsD
/swsesbsdsasvs/smsesdsisa
HsTsTsPs/s1s.s1s""""
3s0s1
5s6s4
""""s-s""""
""""sNsestsDsrsisvse

"
"
2s2s1s.s1s6s7s.s2s0s7s.s2s0
-
tsisnsysos"s"
[s1s7s/sJsusls/s2s0s1s6s:s0s8s:s0s7s:s2s1s s+s0s9s0s0s]
""""sPsRsOsPsFsIsNsD
/swsesbsdsasvs/smsesdsisas/
HsTsTsPs/s1s.s1s""""
2s0s7
4s0s5s8
""""s-s""""
""""sNsestsDsrsisvse

"
"
2s2s1s.s1s6s7s.s2s0s7s.s2s0
-
tsisnsysos"s"
[s1s7s/sJsusls/s2s0s1s6s:s0s8s:s0s7s:s2s1s s+s0s9s0s0s]
""""sPsRsOsPsFsIsNsD
/swsesbsdsasvs/smsesdsisas/smsosvsise
HsTsTsPs/s1s.s1s""""
3s0s1
5s7s6
""""s-s""""
""""sNsestsDsrsisvse

"
"
2s2s1s.s1s6s7s.s2s0s7s.s2s0
-
tsisnsysos"s"
[s1s7s/sJsusls/s2s0s1s6s:s0s8s:s0s7s:s2s1s s+s0s9s0s0s]
""""sPsRsOsPsFsIsNsD
/swsesbsdsasvs/smsesdsisas/smsosvsises/
HsTsTsPs/s1s.s1s""""
2s0s7
1s8s1s7s7
""""s-s""""
""""sNsestsDsrsisvse

"
"
2s2s1s.s1s6s7s.s2s0s7s.s2s0
-
tsisnsysos"s"
[s1s7s/sJsusls/s2s0s1s6s:s0s8s:s0s7s:s2s6s s+s0s9s0s0s]
""""sPsRsOsPsFsIsNsD
/swsesbsdsasv
HsTsTsPs/s1s.s1s""""
3s0s1
5s5s2
""""s-s""""
""""sNsestsDsrsisvse

"
"
2s2s1s.s1s6s7s.s2s0s7s.s2s0
-
tsisnsysos"s"
[s1s7s/sJsusls/s2s0s1s6s:s0s8s:s0s7s:s2s6s s+s0s9s0s0s]
""""sPsRsOsPsFsIsNsD
/swsesbsdsasvs/
HsTsTsPs/s1s.s1s""""
2s0s7
2s5s1s1
""""s-s""""
""""sNsestsDsrsisvse

"
"
2s2s1s.s1s6s7s.s2s0s7s.s2s0
-
tsisnsysos"s"
[s1s7s/sJsusls/s2s0s1s6s:s0s8s:s0s8s:s2s2s s+s0s9s0s0s]
""""sPsRsOsPsFsIsNsD
/swsesbsdsasv
HsTsTsPs/s1s.s1s""""
3s0s1
5s5s2
""""s-s""""
""""sNsestsDsrsisvse

"
"
2s2s1s.s1s6s7s.s2s0s7s.s2s0
-
tsisnsysos"s"
[s1s7s/sJsusls/s2s0s1s6s:s0s8s:s0s8s:s2s2s s+s0s9s0s0s]
""""sPsRsOsPsFsIsNsD
/swsesbsdsasvs/
HsTsTsPs/s1s.s1s""""
2s0s7
2s5s1s1
""""s-s""""
""""sNsestsDsrsisvse

"
"
2s2s1s.s1s6s7s.s2s0s7s.s2s0
-
tsisnsysos"s"
[s1s7s/sJsusls/s2s0s1s6s:s0s8s:s0s8s:s2s7s s+s0s9s0s0s]
""""sPsRsOsPsFsIsNsD
/swsesbsdsasv
HsTsTsPs/s1s.s1s""""
3s0s1
5s5s2
""""s-s""""
""""sNsestsDsrsisvse

"
"
2s2s1s.s1s6s7s.s2s0s7s.s2s0
-
tsisnsysos"s"
[s1s7s/sJsusls/s2s0s1s6s:s0s8s:s0s8s:s2s7s s+s0s9s0s0s]
""""sPsRsOsPsFsIsNsD
/swsesbsdsasvs/
HsTsTsPs/s1s.s1s""""
2s0s7
2s5s1s1
""""s-s""""
""""sNsestsDsrsisvse

"
"
2s2s1s.s1s6s7s.s2s0s7s.s2s0
-
tsisnsysos"s"
[s1s7s/sJsusls/s2s0s1s6s:s0s8s:s0s8s:s3s1s s+s0s9s0s0s]
""""sPsRsOsPsFsIsNsD
/swsesbsdsasvs/smsesdsisa
HsTsTsPs/s1s.s1s""""
3s0s1
5s6s4
""""s-s""""
""""sNsestsDsrsisvse

"
"
2s2s1s.s1s6s7s.s2s0s7s.s2s0
-
tsisnsysos"s"
[s1s7s/sJsusls/s2s0s1s6s:s0s8s:s0s8s:s3s2s s+s0s9s0s0s]
""""sPsRsOsPsFsIsNsD
/swsesbsdsasvs/smsesdsisas/
HsTsTsPs/s1s.s1s""""
2s0s7
4s0s5s8
""""s-s""""
""""sNsestsDsrsisvse

"
"
2s2s1s.s1s6s7s.s2s0s7s.s2s0
-
tsisnsysos"s"
[s1s7s/sJsusls/s2s0s1s6s:s0s8s:s0s8s:s3s2s s+s0s9s0s0s]
""""sPsRsOsPsFsIsNsD
/swsesbsdsasvs/smsesdsisas/smsosvsise
HsTsTsPs/s1s.s1s""""
3s0s1
5s7s6
""""s-s""""
""""sNsestsDsrsisvse

"
"
2s2s1s.s1s6s7s.s2s0s7s.s2s0
-
tsisnsysos"s"
[s1s7s/sJsusls/s2s0s1s6s:s0s8s:s0s8s:s3s2s s+s0s9s0s0s]
""""sPsRsOsPsFsIsNsD
/swsesbsdsasvs/smsesdsisas/smsosvsises/
HsTsTsPs/s1s.s1s""""
2s0s7
1s8s1s7s7
""""s-s""""
""""sNsestsDsrsisvse

"
"
2s2s3s.s6s2s.s2s1s9s.s1s8s5
-
-
[s1s7s/sJsusls/s2s0s1s6s:s0s8s:s5s4s:s3s9s s+s0s9s0s0s]
""""sPsRsOsPsFsIsNsD
/swsesbsdsasvs/
HsTsTsPs/s1s.s1s""""
4s0s1
6s8s5
""""s-s""""
""""s-s""""

"
"
2s2s3s.s6s2s.s2s1s9s.s1s8s5
-
tsisnsysos"s"
[s1s7s/sJsusls/s2s0s1s6s:s0s8s:s5s4s:s3s9s s+s0s9s0s0s]
""""sPsRsOsPsFsIsNsD
/swsesbsdsasvs/
HsTsTsPs/s1s.s1s""""
2s0s7
1s7s9s6
""""s-s""""
""""s-s""""

"
"
2s2s3s.s6s2s.s2s1s9s.s1s8s5
-
-
[s1s7s/sJsusls/s2s0s1s6s:s0s8s:s5s4s:s5s8s s+s0s9s0s0s]
""""sPsRsOsPsFsIsNsD
/swsesbsdsasvs/smsesdsisas/
HsTsTsPs/s1s.s1s""""
4s0s1
6s8s5
""""s-s""""
""""s-s""""

"
"
2s2s3s.s6s2s.s2s1s9s.s1s8s5
-
tsisnsysos"s"
[s1s7s/sJsusls/s2s0s1s6s:s0s8s:s5s4s:s5s8s s+s0s9s0s0s]
""""sPsRsOsPsFsIsNsD
/swsesbsdsasvs/smsesdsisas/
HsTsTsPs/s1s.s1s""""
2s0s7
2s8s5s5
""""s-s""""
""""s-s""""

"
"
2s2s3s.s6s2s.s2s1s9s.s1s8s5
-
-
[s1s7s/sJsusls/s2s0s1s6s:s0s8s:s5s5s:s0s2s s+s0s9s0s0s]
""""sPsRsOsPsFsIsNsD
/swsesbsdsasvs/smsesdsisas/smsps3s/
HsTsTsPs/s1s.s1s""""
4s0s1
6s8s5
""""s-s""""
""""s-s""""

"
"
2s2s3s.s6s2s.s2s1s9s.s1s8s5
-
tsisnsysos"s"
[s1s7s/sJsusls/s2s0s1s6s:s0s8s:s5s5s:s0s2s s+s0s9s0s0s]
""""sPsRsOsPsFsIsNsD
/swsesbsdsasvs/smsesdsisas/smsps3s/
HsTsTsPs/s1s.s1s""""
2s0s7
4s3s6s4
""""s-s""""
""""s-s""""

"
"
2s2s3s.s6s2s.s2s1s9s.s1s8s5
-
-
[s1s7s/sJsusls/s2s0s1s6s:s0s8s:s5s5s:s0s3s s+s0s9s0s0s]
""""sPsRsOsPsFsIsNsD
/swsesbsdsasvs/smsesdsisas/smsps3s/s_spsosps_srsoscsks/
HsTsTsPs/s1s.s1s""""
4s0s1
6s8s5
""""s-s""""
""""s-s""""

"
"
2s2s3s.s6s2s.s2s1s9s.s1s8s5
-
tsisnsysos"s"
[s1s7s/sJsusls/s2s0s1s6s:s0s8s:s5s5s:s0s4s s+s0s9s0s0s]
""""sPsRsOsPsFsIsNsD
/swsesbsdsasvs/smsesdsisas/smsps3s/s_spsosps_srsoscsks/
HsTsTsPs/s1s.s1s""""
2s0s7
8s1s3s9s4
""""s-s""""
""""s-s""""

"
"
2s2s3s.s6s2s.s2s1s9s.s1s8s5
-
-
[s1s7s/sJsusls/s2s0s1s6s:s0s8s:s5s5s:s1s7s s+s0s9s0s0s]
""""sPsRsOsPsFsIsNsD
/swsesbsdsasvs/smsesdsisas/smsps3s/s_spsosps_srsoscsks/sAslslsmsasns%s2s0sBsrsostshsesrs"s"s_sfsislslsmsosrses_sesas"s"sts/
HsTsTsPs/s1s.s1s""""
4s0s1
6s8s5
""""s-s""""
""""s-s""""

"
"
2s2s3s.s6s2s.s2s1s9s.s1s8s5
-
tsisnsysos"s"
[s1s7s/sJsusls/s2s0s1s6s:s0s8s:s5s5s:s1s7s s+s0s9s0s0s]
""""sPsRsOsPsFsIsNsD
/swsesbsdsasvs/smsesdsisas/smsps3s/s_spsosps_srsoscsks/sAslslsmsasns%s2s0sBsrsostshsesrs"s"s_sfsislslsmsosrses_sesas"s"sts/
HsTsTsPs/s1s.s1s""""
2s0s7
6s4s6s1
""""s-s""""
""""s-s""""

"
"
2s2s3s.s6s2s.s2s1s9s.s1s8s5
-
-
[s1s7s/sJsusls/s2s0s1s6s:s0s8s:s5s5s:s2s4s s+s0s9s0s0s]
""""sPsRsOsPsFsIsNsD
/swsesbsdsasvs/smsesdsisas/smsps3s/s_spsosps_srsoscsks/sAslscsastsrsaszszs/
HsTsTsPs/s1s.s1s""""
4s0s1
6s8s5
""""s-s""""
""""s-s""""

"
"
2s2s3s.s6s2s.s2s1s9s.s1s8s5
-
tsisnsysos"s"
[s1s7s/sJsusls/s2s0s1s6s:s0s8s:s5s5s:s2s4s s+s0s9s0s0s]
""""sPsRsOsPsFsIsNsD
/swsesbsdsasvs/smsesdsisas/smsps3s/s_spsosps_srsoscsks/sAslscsastsrsaszszs/
HsTsTsPs/s1s.s1s""""
2s0s7
2s1s8s0
""""s-s""""
""""s-s""""

"
"
2s2s3s.s6s2s.s2s1s9s.s1s8s5
-
-
[s1s7s/sJsusls/s2s0s1s6s:s0s8s:s5s5s:s2s6s s+s0s9s0s0s]
""""sGsEsT
/swsesbsdsasvs/smsesdsisas/smsps3s/s_spsosps_srsoscsks/sAslscsastsrsaszszs/sAslscsastsrsaszszs-s(s0s7s)s%s2s0sPsasisnstsesds%s2s0sLsosvsesrs.smsps3
HsTsTsPs/s1s.s1s""""
4s0s1
6s8s5
""""s-s""""
""""snsPslsasysesrs/s3s.s0s""""

"
"
2s2s3s.s6s2s.s2s1s9s.s1s8s5
-
-
[s1s7s/sJsusls/s2s0s1s6s:s0s8s:s5s6s:s0s2s s+s0s9s0s0s]
""""sPsRsOsPsFsIsNsD
/swsesbsdsasvs/smsesdsisas/smsps3s/s_spsosps_srsoscsks/sCsoslslsescstsisvses_sSsosusls/
HsTsTsPs/s1s.s1s""""
4s0s1
6s8s5
""""s-s""""
""""s-s""""

"
"
2s2s3s.s6s2s.s2s1s9s.s1s8s5
-
tsisnsysos"s"
[s1s7s/sJsusls/s2s0s1s6s:s0s8s:s5s6s:s0s2s s+s0s9s0s0s]
""""sPsRsOsPsFsIsNsD
/swsesbsdsasvs/smsesdsisas/smsps3s/s_spsosps_srsoscsks/sCsoslslsescstsisvses_sSsosusls/
HsTsTsPs/s1s.s1s""""
2s0s7
6s7s2s4
""""s-s""""
""""s-s""""

"
"
2s2s3s.s6s2s.s2s1s9s.s1s8s5
-
-
[s1s7s/sJsusls/s2s0s1s6s:s0s8s:s5s6s:s0s5s s+s0s9s0s0s]
""""sPsRsOsPsFsIsNsD
/swsesbsdsasvs/smsesdsisas/smsps3s/s_spsosps_srsoscsks/sCsoslslsescstsisvses_sSsosusls/sCsoslslsescstsisvses%s2s0sSsosusls%s2s0s-s%s2s0s7sesvsesns%s2s0sYsesasrs%s2s0sIstscshs%s2s0s-s%s2s0sGsrsesastses"s"sts%s2s0sHsists"s"s/
HsTsTsPs/s1s.s1s""""
4s0s1
6s8s5
""""s-s""""
""""s-s""""

"
"
